id,spoiler
0, Graham McMillan was a match and could donate his kidney to his friend Danny Kolzow.
1, Selflessness at work leads to exhaustion and often hurts the people you intended to help.
2," The places where the poor lived the longest include New York and San Francisco, cities that can afford to provide a lot of services and have proactive public health departments."
3," The word that led to his victory was ""Braconid"", meaning any of numerous wasps of the family Braconidae, the larvae of which are parasitic on aphids and on the larvae of moths, butterflies, beetles."
4, For an umami boost try grating them just like cheese over pasta salads avocado toast popcorn or even scrambled eggs.
5, selections from Williams Star Wars scores including such gems as the recognizable Main Title The Imperial March Princess Leia Theme and HuffPost Entertainment personal favorite The Throne Title Medley
6, Fragrances such as lavender or jasmine will help you relax and calm you down
7," when strangers stop to play with assistance dogs, they can interfere with their work."
8, Lord Ivar Mountbatten has revealed that he is now dating a man after a lifelong struggle with his sexuality.
9, By avoiding anything that involved spending money Brandon ended up dodging his friends and depriving himself of even the little things that brought him joy.
10, My husband is not a babysitter. He is a parent just like me.
11, Trying too hard and being really inauthentic can get your company skewered on social media.
12, Google celebrated what would have been Celia Cruz birthday Monday with a doodle honoring the Cuban singer
13, De Gea slammed the media for discussing the move without any genuine knowledge of what's going on.
14," The narrators of the stories in Homesick for Another World are gloomy, narcissistic, and their lives are claustrophobic and squalid."
15, Saudi Arabia holds roughly $116 billion of the government's debt according to Treasury Department data that disclosed the country's holdings for the first time in over 40 years.
16," The swine transformation represented the greed that took place during Japan's bubble economy of the 1980s, and once someone transforms into a pig it is irreversible, which Miyazaki used as a metaphor to describe the real world and how greed changes people."
17, The exhibition posits the thought that shopping malls have become a kind of replacement for religious structures in our contemporary consumer society she says.
18, Many of us are frightened or confused by the topic and even inclined to put our money in a sock and call it a day. That鈥檚 a problem because investing the money you save is nearly as important as saving it in the first place.
19, The gravity of the procedure is why lobbyists are hoping to make it illegal in New York.
20, Michael Sam reveals to The New York Times and ESPN that he is an openly proud gay man and that he came out to his teammates during a preseason football practice before the Tigers campaign.
21, they realized he was slurring his words because he was drunk
22," I won it for only $300, a brand new still under warranty Apple iPad Pro worth more than $800 in retail for less than $300."
23, she makes this longline yellow raincoat look impossibly cool and modern.
24," Men who paint one fingernail are helping to raise awareness about the number of children who face sexual abuse around the world, inspired by Elliot Costello's The Polished Man project."
25," He said in his tweet ""Gender matters not when you rocking the Force like you are baby"""
26," The bill was only for $22.40, but the officers were stunned when they saw that Jessica had written a heartfelt note on the back, letting them know that their community supports them and appreciates their service: ""Officers, your bill is on me today. I can't imagine the day you all have had, let alone what you go through every day. I hope your days get better. So much respect. #WeSeeYou #PoliceLivesMatter #RIPOfficerSmith."""
27, The poll shows that the vast majority of Americans think humans are contributing at least somewhat to climate change but differ on just how much.
28, Trump dominated in every other corner of the state and outperformed past Republican candidates with older white and blue collar voters.
29," The tech company is testing a scheme called Universal Basic Income (UBI) and will be giving people between $1,000 and $2,000 every month to spend on whatever they please."
30," The United States ranked 45th and received a score of nearly the same as in 2015, when it ranked 28th with a score of 0.72."
31, he is giving his owner some seriously relentless (unamused looks).
32, Tesco blames the consumer for most of the food waste that arises from the home.
33, The NES Classic Edition is not available for purchase yet.
34," The price of college textbooks has more than tripled the rate of inflation, according to NBC News."
35, Much to our surprise the singer revealed that while in the shower he belts out a few of his favorite Broadway tunes.
36, Being lazy isn't necessarily a bad thing.
37," Austin, Texas is one of the quirkiest, funkiest, weirdest cities in the United States."
38," Hawking's form of ALS progresses very, very, very slowly, which is why he has been able to live with the disease for so long."
39, This pigment is far more stable when exposed to heat or acidic conditions.
40, A new study of cataract patients indicates that artificial lens implants can help improve sleep.
41," The bottle shape appears to have a red, green, and white label and even a cork or cap at the end."
42, Kristina is collapsing into happy tears at the podium as she campaigns for mayor.
43, The combination of heat and humidity allow bacteria to grow faster and smells to travel further.
44," The raccoons were trapped inside the Coonskin Park trash receptacle and one of those raccoons was like nothing he ever seen before. This trashmonger was an albino raccoon, an incredibly rare specimen according to the Indiana Division of Fish and Wildlife."
45," ""With a heavy heart I'm sad to say that a man passed away last night after stepping out in front of my bus in Indiana"""
46," The phrase ""Harry pocketed it"" appeared in the next four."
47," In determined it would take 10,000 days to do everything that BuzzFeed says you need to do before you die."
48," So you're not listening to Drake, Eminem, or anyone like that before kickoff? Nah, I'm chillin out."
49," I'm not going to buy just the one extra box of tissues because let's all be honest here, I can afford more than that."
50, Rodgers earned the role on his talent alone.
51," ""the first free DLC included new events a new main quest line new building types new voice acting an event editor and a bunch of smaller up sales enough to justify tearing off the price tag."""
52, There are very few casual Mad Men fans.
53," Discretionary foods aka junk raise blood cholesterol, especially bad cholesterol called LDL. Eating less lowers it."
54, The state legislature in Pennsylvania recently extended its percent sales tax to digital downloads and subscription services like Netflix and Hulu.
55," The whales stomachs were actually filled to the brim with plastic debris which includes a cm piece of plastic known to be apart of a car, a fishing net, and a variety of other plastic debris that was found as well."
56, Percent of new marriages involve both spouses who have previously been married.
57," Here our pick of the year's most heartening stories, get ready to feel warm and fuzzy."
58, Kili the Senegal parrot has somehow managed to become a master at playing dead.
59, Lorde declared that Cyrus is her favorite Disney pop star.
60, An unusual worksheet handed out by a London teacher this weekend had pupils reacting quite oppositely.
61, A trick to get unlimited Lucky Eggs and Incense has been discovered.
62, Men were more than twice as likely as women to leave without washing up.
63, Empire star Jussie Smollett opened up about his sexuality for the first time in an intimate interview with Ellen DeGeneres.
64," Clinton is demolishing Trump on the question of who has the right personality and temperament to be president, with 70% of voters saying Clinton does versus only 19% who say Trump does."
65," Posting a picture of your boarding pass on social media can give someone else access to your travel information, including phone number, frequent flyer number, and future flight details."
66, both of the leading candidates for president Hillary Clinton and Donald Trump have companies registered at North Orange and have refused to explain why
67, Kevin Hart is one of my biggest inspirations because he always working out.
68," The Sopranos, Six Feet Under, Deadwood, and many other HBO classics will be made available to subscribers of Amazon Prime on May, the two companies announced Wednesday."
69," The lady property gossip at the New York Post reports that actress Katie Holmes has secured a $25,000 per month and fully furnished penthouse rental in New York City's centrally located Chelsea nabe."
70, Apple has ditched its premium sapphire glass from both the new home button and the camera lens.
71," The University of Vermont allows students to select their own identity, including a chosen pronoun, and records these details in the campus-wide information system so that professors have the correct terminology at their fingertips."
72, Be respectful of others time
73,failed
74, Vegan athletes do need to be diligent about consuming sufficient protein.
75, The inmate Thomas McFadden says returning to his old cell scared him.
76," The moon, informally called MK 2, is over 1,300 times dimmer and much smaller than Makemake and its orbit appears to be edge-on to Earth, so we don鈥檛 see it circling Makemake, only oscillating back and forth."
77," Tokyo, Chicago, and London are being considered as possible locations for the next GTA game."
78, The cosmetics company has revealed that they will be teasing their collaboration on Snapchat.
79, The Professional Golf Association PGA has decided to not hold their PGA Tour event at Miami s Trump Doral resort. Instead they will be moving the prized golf tournament which has been held in Miami since away to Mexico City.
80," M S Dhoni is totally owning the dapper cool look as a father with his daughter Ziva sitting on his lap, and is totally killing it with the bearded look."
81," The tumor was on her pituitary gland, which was preventing her from losing weight. She had Cushing disease."
82, The most requested men's haircut in America is the long-on-top and short-on-sides style.
83, Julie Chen underwent plastic surgery to make her eyes bigger on the advice of an agent who refused her representation unless she did so.
84," Meryl Streep credits Neuphoric Cream for helping her look young, used daily literally took 10 years off women appearance in just a month."
85," According to Lawson, there are tons of benefits to metcon workouts, including improved fat loss, increased calorie burn compared to workouts, muscular strength gains, and improved cardiovascular function."
86, Katy Perry caught one of the bouquets during the bouquet toss at the Grammys mass wedding.
87, The Netherlands launched legal proceedings against Russia on Friday saying it had unlawfully detained Greenpeace activists on a ship for protesting against oil drilling in the Arctic.
88," The caption reads ""Still confident your rubbish comments are ruining my happiness? thanks to all for the compliments and best wishes. I am honored""."
89, However things changed after DICE showed him a small demo of what it had in mind.
90, A photograph of a doormat glued to two pieces of foam.
91, A SINGLE TABLESPOON HAS MORE SUGAR THAN A CHOCOLATE CHIP COOKIE
92, Kat Cole's first job was as a Hooters girl.
93," The siblings found a Bugatti Type 57S Atalante in the garage, one of only 17 ever made, which was sold at an auction for more than 拢3 million."
94," ""I like Donald Trump because he speaks from the heart... Make America Great Again is a great slogan."""
95, we finally got a sneak peek at the collection and it looks just as awesome as we hoped.
96," Studies also suggest that it is wrong to blame the women all the time for being infertile. Statistically, in nearly 50% of all infertility cases, men have been found to be infertile, as per Society for the Study of Male Reproduction."
97," ""I was adamant on finding him and then making a video of me going, 'Trump, f--- you!'"""
98, The advertising buy is focused on Nebraska's second congressional district and includes two ads about Clinton's advocacy for children.
99," Trump promised to cancel the Paris Climate Plan and would rescind the EPA's Clean Power Plan, which would curb carbon dioxide emissions from existing power plants and is key to the ability to meet its commitments as part of the global climate deal."
100," The best time to visit the Maldives is from the second half of December to April, making it another destination pick that is perfect for the holiday season."
101," Sony is likely to dedicate lots of energy on hyping PlayStation VR, which works in tandem with the PlayStation console and is scheduled to debut this fall."
102, Thai people spend the majority of their waking hours being completely sedentary.
103, Online multiplayer is broken and players should avoid trying to use that game mode for now.
104, The best foods to banish garlic breath are raw apple and raw lettuce.
105," John died due to an allergic reaction called anaphylaxis, triggered by the wasp sting."
106," You won't get cream, garlic, or an overwhelming crush of travelers."
107, Dion says her former addiction has led to a serious heart condition and also attributes her two miscarriages to the drinks.
108, The initial start was to remove sugar from my diet stop eating and start using the gym membership that I had been paying for for two years.
109, The fire has now been downgraded from an emergency warning to a watch and act.
110," The GiveDirectly organization gives unconditionally to people who are in extreme poverty, and the recipients can do anything they want with it which is incredibly empowering to them."
111," ""Drug policing is worth doing because the drug [trade] is not just about the drug trade. It's about weapons, terrorism, people trafficking, money laundering... it straddles the spectrum of the most serious crimes such as murder, kidnapping, serious [violence], all go hand in hand with the drug trade. We are taking out the worst people in our society."" - Simon Kempton, police sergeant from Dorset who has specialized in drug enforcement and sits on the National Board of the Police Federation."
112, The seagull fell into a vat of chicken tikka masala because it was an opportunity no gull can afford to miss.
113," Morgan Freeman thinks that a large part of the reason the movie did so badly at first is because the title is ""Shawshank Redemption"" instead of ""Hayworth and the Shawshank Redemption""."
114, Shamus Beaglehole
115," When you trade your DNA for information, you are also giving it away and the database you give it to owns it."
116, Wolverhampton has the highest number of sexual partners with an average of over 3 per person.
117, He started out by filling all of these bread tins with water and food colouring.
118, Unbreakable is the exact antithesis of Marvel and DC鈥檚 current output.
119, Receive a free burger up to value with the purchase of an adult entree on Sunday at Ruby Tuesday.
120, Yields on government bonds from all around the world have been plunging thanks to anxious investors buying them for their safety.
121," The store sold million towels, but the figure covers more than just the washcloths."
122, The representative clarified that the retailer will not in fact be lowering their prices.
123, let give everyone a check
124, Walt Disney's lack of mothers in his films might have been a result of something tragic that involved his mother.
125, Trump's role in the porn is relatively benign and centers around him breaking a bottle of champagne on a limo while several of the playmates are visiting New York City.
126,o protect the watch from getting broken or damaged while they rode their horses.
127, Its stomach was full of gas so it was all bloated.
128, Unfortunately many fans are less than thrilled with the results of the Game of Thrones actor s voice work.
129, Xbox head Phil Spencer told Gamespot he doesn鈥檛 believe in the piece by piece upgrading of systems and you won鈥檛 be seeing that with the Xbox One.
130," The new Visa cards provide members with 4% cash back on up to $7,000 of gas purchases annually, plus 3% back on restaurant and eligible travel purchases, 2% back for Costco purchases, and 1% back on everything else."
131, online gaming eventually gave him a sense of purpose.
132, Howard became the world's first professional Kim Jong Un impersonator.
133, Only one participant out of all correctly recalled the Apple logo.
134, Ammon Bundy and his brother Ryan Bundy have requested Internet access in jail to help them prepare for a federal trial.
135, Her hands already exhibiting symptoms of frostbite.
136, The news that Jennifer Lawrence is being cast as Mulan in a Disney reboot is fake.
137, Newman received about four continuous hours of CPR.
138, Used condoms being discarded under beds and women flashing the porter instead of giving a tip.
139," Bad language, ill thoughts, rude ideas, negative radical views. I don't need."
140, Fortunately the singer was not injured during the incident and even poked fun at himself.
141, Worldwide developed nations would have to pay more than trillion annually to developing nations on top of massive emission reductions to keep climate change in check.
142," The unemployment rate in November fell to 4.6 percent, the lowest in nine years, the Labor Department said earlier this month."
143," Genetic analysis says the first human appeared 200,000 years ago somewhere in the Black Sea region."
144, The lady life would be endangered if it was not aborted.
145, Trump is now on average 0.2 percentage points ahead of Clinton according to RealClearPolitics.
146," Wax inside a whale's ear stores all sorts of useful information on the animal's exposure to pollutants and stress levels throughout life, researchers have found."
147, the temple officials decided to replace all the larger vessels with those of smaller sizes
148," ""No, she apparently replied before pointing at the policeman and adding, 'But he has'."""
149," Radiohead have finally announced their ninth album ""The to The King of Limbs"" is out digitally this Sunday May at UK time Eastern time and physically June."
150, I think she recognizes that there is still a huge hunger out there for more sides of the Potter world And yeah she wants to give people what they want.
151, They serve fresh fish and pastas and drinks galore.
152, Jackson Vroman drowned in his pool after tripping and hitting his head.
153," Here, then, are seven conservative classics that should be on every American's bookshelf."
154, The prototype imaging system is able to read pages of a book without opening it.
155, Katherine Heigl behavior on set has become notoriously difficult.
156," In a study, people who ate two kiwis one hour before bedtime found that they fell asleep faster, slept more, and had better sleep quality."
157, Penn Jillette ate only potatoes in any form mashed baked you name it but NO other vegetables fruits or even other proteins.
158, Avoid nude lipsticks.
159," No reason was given for their departures, which were first reported by TV Line."
160," the state with the absolute rudest drivers is tucked away in the Rocky Mountains, Idaho"
161, Studies have shown that readers of literary fiction receive more empathetic benefits of reading than those who read popular fiction.
162," ""People need to see. They need to see what happens,"" Adams said in the video."
163, People's music taste indicates nothing conclusive about a person's brain power.
164, As impressive as her physique is one of the most incredible parts of Shepherd story is that she did even start working out until she was 56.
165," The synaptic connections that get used less get marked by a protein, and the microglial cells detect that mark to prune them away and make physical space for building new connections."
166," The Court of Arbitration for Sport made a ruling on Russia鈥檚 cartoonish skullduggery, which has been going on since 2014. It upheld the International Association of Athletic Federations' ban on Russian track and field athletes in the Rio Olympics, whether there鈥檚 hard evidence they were juicing or not."
167, A hungry got a shock when the pork loin she defrosted looked just like a penis.
168, Do tell her she going to be just fine
169, Being a single mom to daughter Jessica gives her the most pride.
170," In alone, the agency amassed a record $867,812.39 in loose unclaimed coins."
171, Laws that make it illegal for people under age to drink are linked to lower rates of deaths among young people.
172, Weed shops in Oregon are so plentiful that they top the total number of McDonald's or Starbucks in the state.
173, Almost every space pops with color.
174, The Brazilian now has returned to the club in an ambassadorial capacity just as the La Liga champions are set to open a new office in New York to enhance their brand internationally.
175, Lawrence reportedly played a younger version of Kathleen Turner's character Fraida Felcher.
176, Julie took a photo of where her daughter stood a year before with her future ahead of her only her daughter wasn't there anymore.
177, The drop in price seems reactionary a reflection of some sellers fear that the market would implode.
178, The layer of tahini is what makes this pie sing.
179, The singer emphasized his civilized side by singing the set opening number Prancer sitting on a couch reading newspaper and sipping tea.
180, He went for the apple and the cherry and left behind the strawberry rhubarb so he was a picky little guy.
181," Apple filed a patent application for a paper bag made of recycled materials, which is already in use around its stores across the globe to reduce any environmental impact from production, use, and disposal."
182, Instead of boiling them we should be steaming or even microwaving Brussels to get that perfectly crunchy consistency.
183, Choosing a thick cream instead of a lotion is recommended.
184, Jimmy Smits confirms he will be back for Rogue One as Senator Bail Organa.
185," Linux will not be able to beat Windows at PC gaming unless it improves its performance disparity, lack of natively supported control options, and impoverished game library."
186," The article advises men to stand in front of a woman wearing headphones, wave their hand in her direct line of vision, and ask her to take off her headphones for a minute."
187, Take this moment to listen and try not to give me a hat or whatever you鈥檙e trying to throw onto the stage right now because I probably don鈥檛 want that shit.
188," According to Ubisoft, Beyond Good and Evil 2 is still in development and will be released sometime this console generation."
189, The gentleman in question thought he mimic a guardsman walk and at one point reaches out to touch him on the shoulder.
190, One of the men then allegedly told her that he would force her to go and grabbed her by the arm.
191," some news outlets have speculated that she was referring to Hillary Clinton, who worked to improve the lives of women in developing countries during her time as Secretary of State."
192, Michael Brain was banned from dating and gambling websites after conning vulnerable women out of more than a thousand pounds through dating sites.
193, Adele can't eat pizza anymore because it has cooked tomatoes which are bad for her throat and give her acid reflux.
194, JT managed to swat away the woman while still keeping rhythm.
195, A published study comparing organic and conventional foods found that exposure to pesticide residue was more than five times higher in conventional produce.
196, Because with days of sunshine Colorado is one of the sunniest places in America.
197, Claims which count the number of people who applied for unemployment insurance for the first time since the past week fell to...
198, The Danish company scaled back its advertising efforts amid a 25% rise in annual sales according to Reuters.
199, he is not only super excited about the fifth installment but that adventure will still have a name at the end of the movie and that name will be Indiana Jones
200, New generation passports will feature enhanced security features and contain an electronic chip.
201, There will be more discussion of the otherworld and some loose ends will be tied.
202," ""[Christina Hendricks'] disappointed she feels. He鈥檚 not picking up on the signals of what she needs."""
203, stacks upon stacks of bills
204, He climbed almost imperceptibly out of the driver's window.
205, The accused molested and raped the victims aged around  to on several occasions inside his SUV and also at some other secluded places in the past six months.
206, Ailish slipped into a coma and on Friday afternoon died in hospital in Poznan with her parents John and Catherine and sisters Niamh and Aine by her bedside.
207," By taking the Alcoholics Anonymous as an example he suggests that the principle works due to the change in perspective. Instead of focusing on overwhelming and complex goals, participants are encouraged to choose small achievable daily actions."
208," Chicago cigarette tax will be $7.17 cents higher than New York City's per pack, making them the priciest cigarettes in the nation."
209," The consequences of objectification to society are far from positive and side effects among women include body shame, depression, eating disorders, low self-esteem, and even decreased sexual pleasure."
210," To see what private prisons are really like, Shane Bauer applied for a job with the Corrections Corporation of America. He spent four months as a guard at a Louisiana prison, and then we spent more months reporting."
211, the vegetable American toddlers are most likely to eat is a french fry
212, The stalagmite rings were older than any known cave painting.
213, Gomez crashed her car because she got distracted by her own erotic dreams.
214," He grabbed it, started to fiddle with it... looked right at me and touched the button. And the thing in his hand sprang open. My relative's foot shavings erupted from within the Ped Egg like an explosion of flesh confetti."
215, The Cavs can not win these NBA Finals.
216," The ordering and pickup at Eatsa is done by kiosks, online or through an app on phones, while the food mysteriously appears in a glass cubby with the customer's name displayed and the customer is free to eat without any human interaction."
217," As of now, the MCU has grossed at the box office, and if the next nine films can live up to each of their respective predecessors, the franchise could very well double and even triple its worldwide earnings."
218, By dialing the secret phone number you're automatically connected to Black Cellphones and soon after an explosion is triggered.
219," A plurality of 62 percent blame colleges and universities for the rising amount of student debt, compared with just 17 percent who think students are at fault."
220," ""Allah chose him for this martyrdom. Thank God."""
221, a source quotes that they are making it work.
222," From February, it will be illegal to put down abandoned animals."
223," The women were charged with seven counts of misdemeanor graffiti and one count of damaging personal property, causing about $1,800 worth of damage."
224, Just hours before her death Emily sent a message to her dad with a wave and sleeping face emoji.
225, Watson pulled Ava's father aside and told him he was donating a week paycheck to the family.
226, The song we beat to death in Tucson is Feeling This.
227, Kim Kardashian has been doing the Atkins diet since her doctor approved it at the end of June.
228, This new hero's name Ana.
229," I was laughing, clearly he did some homework... he Googled me and found some things."
230, The shooter's body was placed in a separate building at the ME facility out of respect for the victims and their families.
231, The consumption of the fruit can help reduce alcohol levels significantly.
232, McIver turned to dancing when business slowed.
233," In Illinois, it is now legal to hunt for catfish with pitchforks or spears."
234," ""Son, you go back to study. You're not going to be a football player."""
235, Miley likely ranked the highest on Google list because of twerking.
236," Adele forgot the lyrics to her own song during a concert in Lisbon, Portugal."
237," ""I need feminism because I intend on marrying rich and I can't do that if my wife and I are making cents for every dollar a man [makes]."""
238, what the pit boxer mix who belongs to Miles Clark Gray of the Washington Animal Rescue League in really wanted for Christmas was on the floor in the form of a great big belly rub
239," Schumer finds a way to showcase The Newsroom's snappy dialogue, speeches with low stakes drama, and complete inability to capture female characters."
240," Well rather deviously, a triangle with those measurements can't exist."
241,"on for her push toward a second independence referendum is Scotland's desire to remain in the EU. ""It is a statement of the obvious that the option of a second referendum must be on the table and it is on the table,"" Sturgeon said. Welsh First Minister Carwyn Jones, on the other hand, has said that there is no appetite for a Welsh referendum on independence, but he has raised concerns about the impact Brexit could have on the Welsh economy, particularly agriculture. Northern Ireland, which also voted to remain in the EU, is facing its own set of challenges. There are concerns that the return of a hard border with the Republic of Ireland, an EU member, could harm the peace process and the economy. spoiler: Scottish First Minister Nicola Sturgeon said a key reason for her push toward a second independence referendum is Scotland's desire to remain in the EU."
242," purposeful companies outperform their counterparts with higher revenues, greater job growth, and higher stock prices"
243, He got that lady a present and said something to her that proves there must be angels in the world.
244, A new theory has awakened that Rey is in fact Emperor Palpatine's granddaughter.
245," Lisa Brown had ""Superior mesenteric artery syndrome"" and ""gastroparesis,"" which stopped her small intestine from allowing food to pass through and her stomach from emptying correctly."
246," the ALS Association funded six research projects, one of which recently published its findings identification of a new gene that contributes to the disease."
247, The Venus Holes are a sign of good circulation and a healthy body.
248," The marks are the result of a practice known as cupping, an ancient therapy where heated cups are placed on the skin."
249, Hamas security forces violently dispersed the protesters with shots fired in the air to clear the crowds and a number of protesters and local journalists assaulted.
250," The silver birches' branches and leaves sagged at night, they reached their lowest position a few hours before sunrise and then perked up again during the wee hours of the morning, the researchers found."
251," Trump said, ""I was happy to see that"" regarding Khan's win as London Mayor."
252, Taser filed a pair of lawsuits claiming that the body cameras of competitor Vievu are defective.
253, the real crown jewels of the ADB canteen are the chocolate crinkles baked daily.
254, Inhale through your nose and exhale through your mouth.
255, A retired police officer who carried a young girl to safety nearly years ago was reunited with her during her college graduation.
256, The tab doubles up as a chopsticks holder.
257, Egg cartons and plastic ice cube trays make great organizational tools for jewelry cuff links and other trinkets and they easily fit inside your drawer.
258, there are few conclusive studies to show that athletes are more likely to commit sex crimes.
259, You can increase the size of your penis visually.
260,failed
261," The seeds also come packed with calcium, iron, potassium and magnesium"
262, Buffett is all for Bernanke and thinks he has done a terrific job as the head of Federal Reserve.
263, His untitled Daily Show companion series will air at beginning this fall taking over the timeslot vacated by The Nightly Show with Larry Wilmore which was cancelled last August.
264," The company SaferWeb seemed to deliver on this objective perfectly. Using their technology will give a private tunnel between you and the internet that's invisible to hackers or any malware, letting you browse the Internet anonymously and securely."
265," According to a recent study at the University of Chicago, sleep deprivation is also the cause of an increase in the appetite for salty and sweet treats."
266, The eight final episodes of Breaking Bad hit Netflix on...
267, Drinking blood is toxic and can cause iron overdose leading to various diseases and problems.
268, millennial couples are better at handling their money and talking about it with their partners
269, PMR is an autoimmune disease that spreads painful inflammation through most of the body's joints.
270,failed
271, Don't play the game itself unless your car is safely parked and out of the way of other traffic.
272, Did you realize the standard Starbucks lid was designed to be used as a drink coaster?
273, Buying a pet as for someone you care about is a wonderful idea over the holidays... Unfortunately the choice to give an animal as a surprise present during the silly season can sometimes be a shotgun decision and the gift isn't always so well received.
274," ""I live inside my own heart"""
275, Scarlett Johansson gives such a remarkable performance that she could wind up with an historic Academy Award nomination for Best Supporting Actress.
276, Every person on the planet is descended from a single European who lived around to years ago and who first developed a specific mutation that accounts for the now widespread iris coloration.
277, she meets the man who received his heart in a transplant.
278," ""It will change your life because you will be received so much differently,"" the colorist said about going platinum blonde."
279, The seventh inning stretch remains as integral to the game as anything.
280," Adding a teaspoon of coconut oil to boiling water with a cup of white rice, letting it simmer for 40 minutes, then refrigerating it for 12 hours may reduce the number of calories your body takes in by 50 to 60 percent."
281, When your cat follows you absolutely everywhere from room to room it鈥檚 just a sign that they like you and want to be where you are.
282," The coat hook on the wall looks inconspicuous at first glance, but is meant for a far darker purpose."
283, The Material Girl herself Madonna...stayed at the Hotel Saratoga.
284, Where Opportunity Knox claims credit for connecting veterans to jobs in the region already.
285," CNN falsely quoted Trump as saying ""racial profiling"" when he actually said that police should utilize profiling in an effort to combat terrorism."
286, Men's shirts have more room so it's easier to slip them off over your head - women don't have that option.
287," But as of Sunday鈥檚 finale, the Stark sigil was back in its rightful place."
288, MAC Pro Lime Eye Shadow
289, He is just a humongous human being that has power.
290, Thiruvananthapuram has a rating of 27.92.
291," The clear winner was pizza with a mean score of 4.01, followed by chocolate and chips sharing second at 3.73."
292," As of the retirement plan, along with your Social Security payments, should be enough to last three decades in the following eight international locales."
293, The data showed that getting less sleep didn't necessarily change which gut bacteria the individuals had. But getting less sleep did change the levels of specific strains of bacteria.
294, LeFou is presented as somebody who on one day wants to be Gaston and on another day wants to kiss Gaston.
295," The track Adore You has been released in an acoustic version for the first time, which is also the first time Miley Cyrus is experimenting with an acoustic sound."
296, Simply telling someone their attitude was moral gave it more power.
297, Whedon held firm and not just because it might have created confusion between the show and the thrash band that brought the world songs like Reign in Blood and Mandatory Suicide.
298," The company wants you to change your last name to ""Mr. Burger"" before you can have seven free burgers a week until the day you die."
299," The WHO report suggests that all processed meals can cause cancer, including red meat."
300," ""Lately it's Breaking Bad. I've been watching a lot of Breaking Bad. I'm late to the game on that and since I've started it's been very addicting. I watched four seasons in like two weeks."""
301, Plaza: Do you get to have sex with an alien? Pratt: Yes.
302, Diagnostic medical sonographer was rated as the least stressful job.
303," CEO, lawyer, and media personnel are among the jobs that have a higher than average number of psychopaths."
304," Since it stimulates the circulation so well, the rosemary accentuates the hair growth and prevents dandruff and hair loss."
305," ""I got a 1080 which was pretty low."""
306, Google unveiled a free version of its Play Music All Access streaming service Tuesday.
307, Mustard contains compounds found in other spicy foods and in particular capsaicin that not only gives it its characteristic flavour but also can also help to increase the body temperature when eaten.
308, Intrepid
309," The best time of day to do number two is in the mornings right after you wake up, to be precise."
310," The incoming men in the freshmen class, only percent of them were black."
311, Moral disapproval informed beliefs about risks. People also think it is immoral and therefore dangerous.
312, There s also a pigeon game mode. That is to say it s similar to Capture the Flag in a way.
313, In a hilarious scene Priyanka is seen calling out to Zac Efron as Easy Britney but when it is translated in Hindi PC can be heard saying Chal Na Katrina which is the best part about the trailer and has actually won many hearts
314," Dallas Season will return with new episodes on Monday, February at !"
315, seven hours spent in deep sleep is the perfect amount to maintain reasonable insulin production and glucose levels.
316, Then Taylor Swift discovered their song in the trailer for and that鈥檚 why she invited them on stage to sing at her concert.
317," ""Come on down to the Muncie Animal Shelter to walk one of our dogs while you get your steps in."""
318, Donald Trump repeated a woman's shouted remark that Ted Cruz was a pussy for his comments about waterboarding during Saturday's Republican debate.
319, President Donald Trump already has the authorization to build a wall on the border
320," Expect new catastrophic wars in the Middle East, especially one with Iran, if she is elected."
321, Lawrence Phillips was suspected in the death of Damion Soward who was found unresponsive in their cell on Saturday and died at a local hospital the next day.
322, the home has a particularly interesting floor [...] the triangle tiles are graded in color going from green to one side of the space to red at the other.
323," Marriott Rewards has committed to sponsor Johnson's mission to catch the remaining in Europe, Japan, and Australia."
324, He said that the only payment the older man wanted was for me to never give up and keep being an amazing mom.
325, Solar energy is beating the costs of natural gas plants across the country right now even the operating costs and that's not even including the volatility premium you'd have to price in to a natural gas plant you'd be building for years.
326," In humans, it is possible but very uncommon to have two foetuses in the uterus at different stages of development, a phenomenon known as superfetation."
327, Colin Quinn was the culprit.
328," According to Business Insider's Intelligence Reports, at the beginning of this year, the top four messaging apps- WhatsApp, Messenger, WeChat, and Viber- already eclipsed the top four social networking sites- Linkedin, Twitter, Instagram, and Facebook- in terms of their aggregate monthly active users."
329, he found what he thought looked like a fossil
330," According to the Holiday Consumer Pulse survey, millennials are one of the primary groups controlling holiday spending this year."
331, Beanie Babies today are worth maybe the gas money down to the Salvation Army.
332, The evacuation of civilians and opposition fighters from eastern Aleppo have been suspended after rebels opened fire on a convoy at one of the crossing points.
333, The farmer had uncovered the lost and hidden city of Skara Brae.
334," Last year saw numerous contestants seriously injure themselves throughout the course of the series with Beth Tweddle, Rebecca Adlington and Tina Hobley all being hospitalised."
335, It's possible to beat Watch Dogs without ever firing a gun.
336, The more the Cowboys run the ball the better the chance for his survival.
337," Pikachu is now called Pikaqiu in Mandarin, causing a stir among fans who have been protesting against Nintendo's translation choice."
338, Thompson the first ANTM winner is a natural choice to represent a fashion forward customer.
339, greenhouse gases as a result of human activity over the past years have increased the rate of temperature rise to degrees Celsius per century dwarfing the natural background rate.
340," The legal disclaimer that ends most films today can be indirectly traced back to a lawsuit involving MGM's Rasputin biopic, in which an exiled Russian prince claimed that the American production did not accurately depict Rasputin's murder."
341, the reaction is due to the novelty and unexpectedness of finding an unusual object secretly placed whilst their heads were down in the food.
342, The group drinking the water after their meals had a larger average weight loss than those who stuck with the diet beverages.
343," Hanks gives the type of performance everyone has wanted to see from Tom Hanks since the early 2000s, his Richard Phillips is not the most emotional of men, an opening scene with his wife played very briefly but beautifully by Catherine Keener establishes him as the kind of thoughtful quiet type who one can assume watches the History Channel and likes Tommy Lee Jones movies."
344, just as the big cat goes to pounce the man spins around and starts laughing and playing with him like they bezzie mates
345, But everybody must have one in their car because the rag can serve many purposes.
346, Blue Lives Matter is a movement that counters BLM by encouraging citizens to support police officers that put their lives on the line every single day for citizens across the country.
347," Evidence from more than 6,600 rape kits that went untested for years in Houston have turned up hits in the FBI nationwide database of DNA profiles."
348, they finally decided to open the box and found two notes wrapped around some cash as well as wine glasses and bath products.
349," if you swipe a chip card instead of inserting it into the slot, the merchant is responsible for covering any fraudulent charges, not the bank"
350, Elle defended their styling choices for Melissa McCarthy's cover and stated that she loved the look and is gorgeous on their cover.
351, There is no evidence that not washing jeans is hazardous to your health.
352," others thought Howard Dean was speaking nonsense, Trump wasn't on cocaine, he had clearly been snorting Adderall."
353," She simply combines one tablespoon of coconut oil with a pinch of turmeric to create a paste, brushes her teeth with the blend, lets it sit on her teeth for five minutes, then rinses it off for an instantly brighter grin."
354, Recent studies have shown that knocking back a cold glass of milk could be the answer to all of your struggles.
355, But I got the texts a few seconds after leaving.
356, Crocker has become the face of American Apparel's latest clothing campaign.
357, A single day of snowfall raised a man's risk of heart attack by just less than percent.
358, The image of Aubrey wrapped in motorcycle gloves next to a colorful shiny motorcycle helmet is particularly touching because it is representative of her father whose life was tragically cut short several weeks before her birth.
359, A number on the McDonalds menu is a Ranch BLT with either grilled or crispy chicken.
360," Their opposition, according to a report in local paper St Cloud Times, is based on fears that marijuana's medical benefits are still unproven, that any legalization effort will increase the drug availability to kids, and that the bill is too broad in listing qualifying conditions."
361," ""If you are dropping off your son's forgotten lunch books homework equipment please TURN AROUND and exit the building."""
362, During our match during For Fun while playing online using our home wifi network Smash Bros decided to leave us indefinitely in the training mode just before the match begins
363," As she helped them, they got out and thanked her with one placing necklaces and a bracelet around her neck and wrists. As they did so, they took her own necklace and bracelet without her knowledge."
364, SNL cast member Cecily Strong will be that anchor.
365, skimp on other items to afford your luxurious foodie lifestyle. spoiler: You'll happily skimp on other items to afford your luxurious foodie lifestyle.
366, Arizona lawmakers are pushing to provide elected officials with more privacy as they draft legislation because they say the state requirements for open meetings make it too difficult for them to do their jobs.
367, Airlines rarely follow the general row positioning and spacing recommendations which align with the airplane windows.
368, Jean began his answer by saying the team behind The Simpsons could never actually reveal that but then continued with a hint that was more or less an admission.
369," Just a few days before her rescue, Norah had given birth to nine tiny puppies."
370, Sony confirmed that the company was not against support and open to the idea of allowing PlayStation players to play online against other consoles.
371," The canisters Bruce used have Pb, the abbreviation for lead in the Periodic Table of Elements etched on them."
372, convulsion syndrome
373," the asteroid is going to go past the Earth 3 million miles away, that's 13 times further away than the moon."
374," ""Where do you see yourself in five years?"""
375," An angry voter uploaded a video of former mayor of London and Leave campaigner Boris Johnson on Pornhub with the title ""Dumb British blond fucks million people"" at [Caution Graphic Content]."
376, the Patterson announcement was actually taped in 2012 but did become public until Thursday June 2014 when the season finale aired.
377, President Donald Trump has succeeded by bullshitting.
378, ArsenioHall and GeorgeLopez were the only late night talk shows couches I was welcomed to.
379," Florida contains more of the nation's most dangerous cities, in total, than any other state."
380, Hagrid may just not have enough happy memories to produce a Patronus.
381, Democrat Jason Kander looks to be running very strongly in the exit polls.
382, The average time for each couple that is averaged across all the times they had sex ranged from seconds to minutes.
383," During a cybersecurity briefing at the White House, Trump introduced Rudy Giuliani as someone who will be working with Jared Kushner and Tom Bossert on cybersecurity. However, after introducing him, Trump couldn't spot Giuliani even though he was sitting right in front of him."
384, clonal selection theory won the argument
385, BOOM celebrates the full moon with a psychedelic maelstrom of events encouraging people to converge and experience an alternative reality.
386, The famous blend of herbs and spices includes only one real surprise a ton of white pepper.
387, percent of men in their early 20s reported having been on the receiving end of anal sex.
388, Former intern Shahista Lalani spearheaded a class action lawsuit against the Olsen twins Dualstar Entertainment Group after she felt her duties went beyond the acceptable scope of an internship.
389, The designers thought this Ice Pokemon was such a good idea in fact that Vanilleuxe is the third evolution after Vanillite and Vanillish to be featured in the game.
390," So if the person you're with doesn't think you're young or pretty enough, tell them to get lost."
391, The Houston Chronicle has now officially endorsed Democratic presidential nominee Hillary Clinton.
392, Dan found a bag filled with crack cocaine and almost got caught by the dealer who came back to the building.
393, The bank analysts point out that workers in the former are just as productive as those in the latter.
394," The Border Collie chewed on some plants (water hemlock) as the family took a walk through the Horsetooth Reservoir, which caused its death soon after."
395, The cleaner initially refused to accept the tip.
396, Suprun argued that Trump lacks the foreign policy experience and demeanor needed to be commander in chief and lambasted him for how he urged violence against protesters at his rallies during the campaign.
397, After experimenting with taking certain foods out of her diet she found that sugar and carbs appeared to be the main culprits for her aggressive bouts of acne.
398, Later that afternoon WikiLeaks official Twitter account said that the Ecuadorian government had cut Assange's access.
399, Belzer is leaving SVU as a series regular.
